<?xml version="1.0" encoding="utf-8"?>
<!DOCTYPE hibernate-mapping PUBLIC "-//Hibernate/Hibernate Mapping DTD 3.0//EN"
"http://www.hibernate.org/dtd/hibernate-mapping-3.0.dtd">
<!-- 
    Mapping file autogenerated by MyEclipse Persistence Tools
-->
<hibernate-mapping>
    <class name="model.Documents" table="documents" catalog="departmentdb">
        <id name="documentsId" type="java.lang.String">
            <column name="documentsID" length="20" />
            <generator class="assigned" />
        </id>
        <property name="documentsState" type="java.lang.String">
            <column name="documentsState" length="20" not-null="true" />
        </property>
        <property name="studentId" type="java.lang.String">
            <column name="studentID" length="20" not-null="true" />
        </property>
        <property name="employeeId" type="java.lang.String">
            <column name="employeeID" length="20" />
        </property>
        <property name="documentsMessage" type="java.lang.String">
            <column name="documentsMessage" length="50" not-null="true" />
        </property>
    </class>
</hibernate-mapping>
