<?xml version="1.0" encoding="utf-8"?>
<!DOCTYPE hibernate-mapping PUBLIC "-//Hibernate/Hibernate Mapping DTD 3.0//EN"
"http://www.hibernate.org/dtd/hibernate-mapping-3.0.dtd">
<!-- 
    Mapping file autogenerated by MyEclipse Persistence Tools
-->
<hibernate-mapping>
    <class name="model.Employee" table="employee" catalog="departmentdb">
        <id name="employeeId" type="java.lang.String">
            <column name="employeeID" length="20" />
            <generator class="assigned" />
        </id>
        <property name="employeeName" type="java.lang.String">
            <column name="employeeName" length="20" not-null="true" />
        </property>
        <property name="employeePhone" type="java.lang.String">
            <column name="employeePhone" length="20" not-null="true" />
        </property>
        <property name="key" type="java.lang.String">
            <column name="key" length="20" not-null="true" />
        </property>
    </class>
</hibernate-mapping>
