<?xml version="1.0" encoding="utf-8"?>
<!DOCTYPE hibernate-mapping PUBLIC "-//Hibernate/Hibernate Mapping DTD 3.0//EN"
"http://www.hibernate.org/dtd/hibernate-mapping-3.0.dtd">
<!-- 
    Mapping file autogenerated by MyEclipse Persistence Tools
-->
<hibernate-mapping>
    <class name="model.Student" table="student" catalog="departmentdb">
        <id name="studentId" type="java.lang.String">
            <column name="studentID" length="20" />
            <generator class="assigned" />
        </id>
        <property name="studentName" type="java.lang.String">
            <column name="studentName" length="20" not-null="true" />
        </property>
        <property name="studentPhone" type="java.lang.String">
            <column name="studentPhone" length="20" not-null="true" />
        </property>
        <property name="studentSex" type="java.lang.String">
            <column name="studentSex" length="5" not-null="true" />
        </property>
        <property name="key" type="java.lang.String">
            <column name="key" length="20" not-null="true" />
        </property>
    </class>
</hibernate-mapping>
